//CreateWidget,key,metricName,filterDataType,componentGroup,specifyType,chartType,chartInverted,isovertime,valueRange,homeonly,sourceType,displayName,displayValue,displayValueKey,orderByMetric,orderByDesc,groupby,topNumber,drilldown,sourceData0,displayName0,displayValue0,displayValueKey0,enableBreakdown,levelBreakDown,enableDisplayTotal,groupIndex,positionIndex,drilldownY,sourceData1,displayName,displayValue,displayValueKey,enableBreakdown,levelBreakDown,enableDisplayTotal,groupIndex,positionIndex,drilldownY,sourceData,displayName,displayValue,displayValueKey,enableBreakdown,levelBreakDown,enableDisplayTotal,groupIndex,positionIndex,drilldownY,sourceData,displayName,displayValue,displayValueKey,enableBreakdown,levelBreakDown,enableDisplayTotal,groupIndex,positionIndex,drilldownY,sourceData,displayName,displayValue,displayValueKey,enableBreakdown,levelBreakDown,enableDisplayTotal,groupIndex,positionIndex,drilldownY,sourceData,displayName,displayValue,displayValueKey,enableBreakdown,levelBreakDown,enableDisplayTotal,groupIndex,positionIndex,drilldownY,sourceData,displayName,displayValue,displayValueKey,enableBreakdown,levelBreakDown,enableDisplayTotal,groupIndex,positionIndex,drilldownY,sourceData,displayName,displayValue,displayValueKey,enableBreakdown,levelBreakDown,enableDisplayTotal,groupIndex,positionIndex,drilldownY,sourceData,displayName,displayValue,displayValueKey,enableBreakdown,levelBreakDown,enableDisplayTotal,groupIndex,positionIndex,drilldownY,sourceData,displayName,displayValue,displayValueKey,enableBreakdown,levelBreakDown,enableDisplayTotal,groupIndex,positionIndex,drilldownY,sourceData,displayName,displayValue,displayValueKey,enableBreakdown,levelBreakDown,enableDisplayTotal,groupIndex,positionIndex,drilldownY,sourceData,displayName,displayValue,displayValueKey,enableBreakdown,levelBreakDown,enableDisplayTotal,groupIndex,positionIndex,drilldownY,sourceData,displayName,displayValue,displayValueKey,enableBreakdown,levelBreakDown,enableDisplayTotal,groupIndex,positionIndex,drilldownY
TRUE,1,Current Client and Device Status (Network Wide),0,8,1,list,FALSE,FALSE,,FALSE,system information,Software Version,[System Information],[system information],,FALSE,0,0,,network devices - unmanaged,New devices,[Number of New Aerohive Devices],[network devices - unmanaged],FALSE,0,FALSE,0,0,06hiveAp.action?operation=view&hmListType=managedHiveAps&dashCondition=autoDiscoverHiveAps,network devices - alarmed,With alarm conditions,[Number of Aerohive Devices with Alarm Conditions],[network devices - alarmed],FALSE,0,FALSE,0,3,06hiveAp.action?operation=view&hmListType=managedHiveAps&dashCondition=alarm,network devices - disconfigured,With outdated configurations,[Number of Aerohive Devices with Outdated Configurations],[network devices - disconfigured],FALSE,0,FALSE,0,4,06hiveAp.action?operation=view&hmListType=managedHiveAps&dashCondition=outofData,network devices - up,Connected to management console,[Number of Aerohive Devices with Management Up],[network devices - up],FALSE,0,FALSE,0,1,06hiveAp.action?operation=view&hmListType=managedHiveAps&dashCondition=apHthUp,network devices - down,Disconnected from management console,[Number of Aerohive Devices with Management Down],[network devices - down],FALSE,0,FALSE,0,2,06hiveAp.action?operation=view&hmListType=managedHiveAps&dashCondition=apHthDown,current active client count,Currently active,[Current Active Client Count],[current active client count],FALSE,0,FALSE,0,5,06monitorMenu.action?operation=clientMonitor,max concurrent client devices,Max. connected during the day,[Max Concurrent Client Devices],[max concurrent client devices],FALSE,0,FALSE,0,6,06reportList.action?operation=runLink&listType=maxClient&buttonType=maxClient,,,,,,,,,,,,,,,,,,,,,,,,,,,,,,,,,,,,,,,,,,,,,,,,,,,,,,,,,,,,
TRUE,2,Current Aerohive Device Alarms,0,8,1,pie,FALSE,FALSE,,FALSE,network device(s) (port) alarm level,Device Alarms Distribution,[Aerohive Device(s) Alarm Distribution],[network device(s) (port) alarm level],,FALSE,0,0,,alarms,Total Number of Alarms,[Alarms],[alarms],FALSE,0,FALSE,0,0,06alarms.action?operation=search&severity={{name_key}},,,,,,,,,,,,,,,,,,,,,,,,,,,,,,,,,,,,,,,,,,,,,,,,,,,,,,,,,,,,,,,,,,,,,,,,,,,,,,,,,,,,,,,,,,,,,,,,,,,,,,,,,,,,,,,,,,,,,,,,
//TRUE,3,Top 10 APs by CRC Errors (Last Hour),1,8,1,table,FALSE,FALSE,,FALSE,most error for device,Device,[Devices by CRC Error %],[most error for device],error %,TRUE,0,10,,2.4 GHz CRC error %,2.4 GHz CRC Error %,[2.4 GHz CRC Error %],[2.4 GHz CRC error %],FALSE,0,FALSE,0,0,,5 GHz CRC error %,5 GHz CRC Error %,[5 GHz CRC Error %],[5 GHz CRC error %],FALSE,0,FALSE,0,1,,,,,,,,,,,,,,,,,,,,,,,,,,,,,,,,,,,,,,,,,,,,,,,,,,,,,,,,,,,,,,,,,,,,,,,,,,,,,,,,,,,,,,,,,,,,,,,,,,,,,,,,,,,,,,,
//TRUE,4,Top 10 AP Interfaces by CRC Error Rate (Last Hour),1,8,1,table,FALSE,FALSE,,FALSE,most error for interface,Device,[Devices by Error %],[most error for interface],CRC Error Rate %,TRUE,0,10,,CRC Error Rate %,CRC Error Rate %,[CRC Error Rate %],[CRC Error Rate %],FALSE,0,FALSE,0,0,,Interface,Interface,[Interface Name],[Interface],FALSE,0,FALSE,0,1,,Report Time,Report Time,[Report Time],[Report Time],FALSE,0,FALSE,0,2,,Collection Period,Collection Period,[Collection Period (seconds)],[Collection Period],FALSE,0,FALSE,0,3,,,,,,,,,,,,,,,,,,,,,,,,,,,,,,,,,,,,,,,,,,,,,,,,,,,,,,,,,,,,,,,,,,,,,,,,,,,,,,,,,,,,,,,,,,,
//TRUE,5,Top 10 AP Interfaces by Tx Retry Rate (Last Hour),1,8,1,table,FALSE,FALSE,,FALSE,most error for interface,Device,[Devices by Error %],[most error for interface],Tx Retry Rate %,TRUE,0,10,,Tx Retry Rate %,Tx Retry Rate %,[Tx Retry Rate %],[Tx Retry Rate %],FALSE,0,FALSE,0,0,,Interface,Interface,[Interface Name],[Interface],FALSE,0,FALSE,0,1,,Report Time,Report Time,[Report Time],[Report Time],FALSE,0,FALSE,0,2,,Collection Period,Collection Period,[Collection Period (seconds)],[Collection Period],FALSE,0,FALSE,0,3,,,,,,,,,,,,,,,,,,,,,,,,,,,,,,,,,,,,,,,,,,,,,,,,,,,,,,,,,,,,,,,,,,,,,,,,,,,,,,,,,,,,,,,,,,,
//TRUE,6,Top 10 AP Interfaces by Rx Retry Rate (Last Hour),1,8,1,table,FALSE,FALSE,,FALSE,most error for interface,Device,[Devices by Error %],[most error for interface],Rx Retry Rate %,TRUE,0,10,,Rx Retry Rate %,Rx Retry Rate %,[Rx Retry Rate %],[Rx Retry Rate %],FALSE,0,FALSE,0,0,,Interface,Interface,[Interface Name],[Interface],FALSE,0,FALSE,0,1,,Report Time,Report Time,[Report Time],[Report Time],FALSE,0,FALSE,0,2,,Collection Period,Collection Period,[Collection Period (seconds)],[Collection Period],FALSE,0,FALSE,0,3,,,,,,,,,,,,,,,,,,,,,,,,,,,,,,,,,,,,,,,,,,,,,,,,,,,,,,,,,,,,,,,,,,,,,,,,,,,,,,,,,,,,,,,,,,,
TRUE,7,Aerohive Device Configuration Compliance (Network Wide),1,8,1,pie,FALSE,FALSE,,FALSE,configuration compliance,Configuration Compliance,[Aerohive Device Configuration Compliance],[configuration compliance],,FALSE,0,0,,total network devices,Aerohive Devices,[Total Number of Aerohive Devices],[total network devices],FALSE,0,FALSE,0,0,06reportList.action?operation=runLink&listType=compliance&buttonType=compliance&linkComplianceType={{name_key}},,,,,,,,,,,,,,,,,,,,,,,,,,,,,,,,,,,,,,,,,,,,,,,,,,,,,,,,,,,,,,,,,,,,,,,,,,,,,,,,,,,,,,,,,,,,,,,,,,,,,,,,,,,,,,,,,,,,,,,,
TRUE,8,Current HiveOS Versions,0,8,1,pie,FALSE,FALSE,,FALSE,HiveOS version,HiveOS Version,[HiveOS Version Distribution],[HiveOS version],,FALSE,0,0,,total network devices,Aerohive Devices,[Total Number of Aerohive Devices],[total network devices],FALSE,0,FALSE,0,0,,,,,,,,,,,,,,,,,,,,,,,,,,,,,,,,,,,,,,,,,,,,,,,,,,,,,,,,,,,,,,,,,,,,,,,,,,,,,,,,,,,,,,,,,,,,,,,,,,,,,,,,,,,,,,,,,,,,,,,,,
//TRUE,9,Top 10 Aerohive Devices by Unique Wi-Fi Clients (Last Hour),1,8,1,table,FALSE,FALSE,,FALSE,devices with the most clients,Device,[Devices with the Most Clients],[devices with the most clients],total distinct client devices,TRUE,0,10,,total distinct client devices,Clients,[total distinct client devices],[total distinct client devices],FALSE,0,FALSE,0,0,,topology,Topology Map,[Topology Name],[topology],FALSE,0,FALSE,0,1,,,,,,,,,,,,,,,,,,,,,,,,,,,,,,,,,,,,,,,,,,,,,,,,,,,,,,,,,,,,,,,,,,,,,,,,,,,,,,,,,,,,,,,,,,,,,,,,,,,,,,,,,,,,,,,
//TRUE,10,Top 10 Aerohive Devices by Bandwidth (Last Hour),1,8,1,table,FALSE,FALSE,,FALSE,bandwidth provider(interface),Aerohive Device(s),[Top Aerohive Devices (Aggregations/Ports) by Data Usage],[bandwidth provider(interface)],bytes,TRUE,124,10,,bytes,Bandwidth Usage,[Byte Usage],[bytes],FALSE,0,FALSE,0,0,,,,,,,,,,,,,,,,,,,,,,,,,,,,,,,,,,,,,,,,,,,,,,,,,,,,,,,,,,,,,,,,,,,,,,,,,,,,,,,,,,,,,,,,,,,,,,,,,,,,,,,,,,,,,,,,,,,,,,,,,
//TRUE,11,Active Client Status (Network Wide),1,2,1,list,FALSE,FALSE,,FALSE,client status,Client Status,[Client Status],[client status],,FALSE,0,0,,current active client count,Number of Currently Active Clients ,[Current Active Client Count],[current active client count],FALSE,0,FALSE,0,0,06monitorMenu.action?operation=clientMonitor,max concurrent client devices,Max Concurrent Clients during last 24 Hours,[Max Concurrent Client Devices],[max concurrent client devices],FALSE,0,FALSE,0,1,06reportList.action?operation=runLink&listType=maxClient&buttonType=maxClient,,,,,,,,,,,,,,,,,,,,,,,,,,,,,,,,,,,,,,,,,,,,,,,,,,,,,,,,,,,,,,,,,,,,,,,,,,,,,,,,,,,,,,,,,,,,,,,,,,,,,,,,,,,,,,
TRUE,12,Active Clients by Radio Modes,1,2,1,pie,FALSE,FALSE,,FALSE,client device radio mode,Client Radio Mode Distribution,[Client Radio Mode Distribution],[client device radio mode],,FALSE,0,0,,total distinct client devices,Clients,[Total Number of Client Devices],[total distinct client devices],FALSE,0,FALSE,0,0,,,,,,,,,,,,,,,,,,,,,,,,,,,,,,,,,,,,,,,,,,,,,,,,,,,,,,,,,,,,,,,,,,,,,,,,,,,,,,,,,,,,,,,,,,,,,,,,,,,,,,,,,,,,,,,,,,,,,,,,,
TRUE,13,Active Clients by User Profile Attribute,1,2,1,pie,FALSE,FALSE,,FALSE,active clients by user profile,User Profile Attribute,[Client Devices by User Profile],[active clients by user profile],,FALSE,0,0,,total distinct client devices,Clients,[Total Number of Client Devices],[total distinct client devices],FALSE,0,FALSE,0,0,,,,,,,,,,,,,,,,,,,,,,,,,,,,,,,,,,,,,,,,,,,,,,,,,,,,,,,,,,,,,,,,,,,,,,,,,,,,,,,,,,,,,,,,,,,,,,,,,,,,,,,,,,,,,,,,,,,,,,,,,
TRUE,14,Active Clients by Device Vendors,1,2,1,pie,FALSE,FALSE,,FALSE,client device vendor,Client Vendor Distribution,[Client Vendor Distribution],[client device vendor],,FALSE,0,0,,total distinct client devices,Clients,[Total Number of Client Devices],[total distinct client devices],FALSE,0,FALSE,0,0,,,,,,,,,,,,,,,,,,,,,,,,,,,,,,,,,,,,,,,,,,,,,,,,,,,,,,,,,,,,,,,,,,,,,,,,,,,,,,,,,,,,,,,,,,,,,,,,,,,,,,,,,,,,,,,,,,,,,,,,,
//TRUE,15,Number of Clients Over Time(line),1,2,1,line,FALSE,TRUE,0,FALSE,time,Clients Count,[Over Time],[time],,FALSE,0,0,,total distinct client devices,Clients,[Total Number of Client Devices],[total distinct client devices],FALSE,0,FALSE,0,0,,,,,,,,,,,,,,,,,,,,,,,,,,,,,,,,,,,,,,,,,,,,,,,,,,,,,,,,,,,,,,,,,,,,,,,,,,,,,,,,,,,,,,,,,,,,,,,,,,,,,,,,,,,,,,,,,,,,,,,,,
TRUE,16,Top 10 Clients by Tx Airtime,1,2,1,table,FALSE,FALSE,,FALSE,client w/ the most airtime usage,Client,[Top Client Devices by Airtime Usag],[client w/ the most airtime usage],transmitting airtime %,TRUE,0,10,,transmitting airtime %,Tx Airtime Usage %,[Tx Airtime Usage %],[transmitting airtime %],FALSE,0,FALSE,0,0,,,,,,,,,,,,,,,,,,,,,,,,,,,,,,,,,,,,,,,,,,,,,,,,,,,,,,,,,,,,,,,,,,,,,,,,,,,,,,,,,,,,,,,,,,,,,,,,,,,,,,,,,,,,,,,,,,,,,,,,,
TRUE,17,Top 10 Clients by Rx Airtime,1,2,1,table,FALSE,FALSE,,FALSE,client w/ the most airtime usage,Client,[Top Client Devices by Airtime Usag],[client w/ the most airtime usage],receive airtime %,TRUE,0,10,,receive airtime %,Rx Airtime Usage %,[Rx Airtime Usage %],[receive airtime %],FALSE,0,FALSE,0,0,,,,,,,,,,,,,,,,,,,,,,,,,,,,,,,,,,,,,,,,,,,,,,,,,,,,,,,,,,,,,,,,,,,,,,,,,,,,,,,,,,,,,,,,,,,,,,,,,,,,,,,,,,,,,,,,,,,,,,,,,
TRUE,18,Top 10 Clients by Association Failures (Last Day),1,2,1,table,FALSE,FALSE,,FALSE,client w/ association failures,Client,[Top Client Devices by Association Failures],[client w/ association failures],,FALSE,0,10,,association failures,Association Failures,[Association Failures],[association failures],FALSE,0,FALSE,0,0,,,,,,,,,,,,,,,,,,,,,,,,,,,,,,,,,,,,,,,,,,,,,,,,,,,,,,,,,,,,,,,,,,,,,,,,,,,,,,,,,,,,,,,,,,,,,,,,,,,,,,,,,,,,,,,,,,,,,,,,,
TRUE,19,Current Network Security (Network Wide),1,16,1,list,FALSE,FALSE,,FALSE,system information,Software Version,[System Information],[system information],,FALSE,0,0,,network devices - friendly,Number of Friendly Aps,[Number of Friendly APs],[network devices - friendly],FALSE,0,FALSE,0,0,06monitorMenu.action?operation=friendlyAps,network devices - rogue,Number of Rogue Aps,[Number of Rogue Aps],[network devices - rogue],FALSE,0,FALSE,0,1,06monitorMenu.action?operation=rogueAps,clients - net rogue,Number of Rogue Clients in Net,[Number of Rogue Clients in Net],[clients - net rogue],FALSE,0,FALSE,0,2,06idp.action?operation=rogueClientInNet&listType=rogueClient,clients - map rogue,Number of Rogue Clients on Map,[Number of Rogue Clients on Map],[clients - map rogue],FALSE,0,FALSE,0,3,06idp.action?operation=rogueClientOnMap&listType=rogueClient,,,,,,,,,,,,,,,,,,,,,,,,,,,,,,,,,,,,,,,,,,,,,,,,,,,,,,,,,,,,,,,,,,,,,,,,,,,,,,,,,,,,,,,,,,
TRUE,20,Aerohive Devices in Up State,0,16,1,line,FALSE,TRUE,0to100,FALSE,time,Percentage of Devices Up,[Over Time],[time],,FALSE,0,0,,up %,Devices Up %,[Aerohive Devices Up %],[up %],FALSE,0,FALSE,0,0,,,,,,,,,,,,,,,,,,,,,,,,,,,,,,,,,,,,,,,,,,,,,,,,,,,,,,,,,,,,,,,,,,,,,,,,,,,,,,,,,,,,,,,,,,,,,,,,,,,,,,,,,,,,,,,,,,,,,,,,,
TRUE,21,Last 10 Audit Logs (Network Wide),0,16,1,table,FALSE,FALSE,,FALSE,audited operation,Operation,[Audit Logs],[audited operation],,FALSE,0,10,,time,Operation Time,[Operation Time],[time],FALSE,0,FALSE,0,0,,adminitrator,Admin Name,[Operator Name],[adminitrator],FALSE,0,FALSE,0,1,,IP,Admin IP,[Operator IP],[IP],FALSE,0,FALSE,0,2,,result,Result,[Operation Result],[result],FALSE,0,FALSE,0,3,,,,,,,,,,,,,,,,,,,,,,,,,,,,,,,,,,,,,,,,,,,,,,,,,,,,,,,,,,,,,,,,,,,,,,,,,,,,,,,,,,,,,,,,,,,
TRUE,22,HiveManager System Information,0,16,1,list,FALSE,FALSE,,TRUE,system information,Software Version,[System Information],[system information],,FALSE,0,0,,OnPremise - host(s),Host Name,[Host Name(s)],[OnPremise - host(s)],FALSE,0,FALSE,0,0,,OnPremise - build,Build Time ,[Build Time],[OnPremise - build],FALSE,0,FALSE,0,1,,OnPremise - model,Model Number,[Model Number],[OnPremise - model],FALSE,0,FALSE,0,2,,OnPremise - up,System Uptime ,[HiveManager Up Seconds],[OnPremise - up],FALSE,0,FALSE,0,3,,OnPremise - SN,Serial Number,[HiveManager Serial Number],[OnPremise - SN],FALSE,0,FALSE,0,4,,OnPremise - HA,HA Status,[HiveManager HA Status],[OnPremise - HA],FALSE,0,FALSE,0,5,,OnPremise - port(s),MGT Port ,[HiveManager Mgt Port(s)],[OnPremise - port(s)],FALSE,0,FALSE,0,6,,OnPremise - LAN(s),LAN Port,[HiveManager LAN Port(s)],[OnPremise - LAN(s)],FALSE,0,FALSE,0,7,,,,,,,,,,,,,,,,,,,,,,,,,,,,,,,,,,,,,,,,,,,,,,,,,,,
TRUE,23,Admin Login Information (System Wide),0,16,1,table,FALSE,FALSE,,TRUE,login administrator,Admin Name,[Admin Login Information],[login administrator],,FALSE,0,0,,time,Time,[Time],[time],FALSE,0,FALSE,0,0,,IP,Admin IP,[Admin IP],[IP],FALSE,0,FALSE,0,1,,seconds,Session Time,[Session Time],[seconds],FALSE,0,FALSE,0,2,,,,,,,,,,,,,,,,,,,,,,,,,,,,,,,,,,,,,,,,,,,,,,,,,,,,,,,,,,,,,,,,,,,,,,,,,,,,,,,,,,,,,,,,,,,,,,,,,,,,,
TRUE,24,System CPU/Memory Usage over Time,0,16,1,line,FALSE,TRUE,0to100,TRUE,time,Percentage (%),[Over Time],[time],,FALSE,0,0,,HiveManager(s) OnPremise CPU %,HiveManager(s) CPU %,[HiveManager(s) CPU %],[HiveManager(s) OnPremise CPU %],FALSE,0,FALSE,0,0,,HiveManager(s) OnPremise memory %,HiveManager(s) Memory %,[HiveManager(s) Memory %],[HiveManager(s) OnPremise memory %],FALSE,0,FALSE,1,0,,,,,,,,,,,,,,,,,,,,,,,,,,,,,,,,,,,,,,,,,,,,,,,,,,,,,,,,,,,,,,,,,,,,,,,,,,,,,,,,,,,,,,,,,,,,,,,,,,,,,,,,,,,,,,,
TRUE,25,Network Data Usage over Time,1,16,1,line,FALSE,TRUE,0,FALSE,time,Usage,[Over Time],[time],,FALSE,0,0,,bytes,Data Usage,[Network Data Usage (bytes)],[bytes],FALSE,0,FALSE,0,0,,,,,,,,,,,,,,,,,,,,,,,,,,,,,,,,,,,,,,,,,,,,,,,,,,,,,,,,,,,,,,,,,,,,,,,,,,,,,,,,,,,,,,,,,,,,,,,,,,,,,,,,,,,,,,,,,,,,,,,,,
TRUE,26,Aerohive Device SLA Compliance over Time,1,8,1,area,FALSE,TRUE,0to100,FALSE,time,Percentage (%),[Over Time],[time],,FALSE,0,0,,all noncompliant providers %,Noncompliant Devices %,[Noncompliant Aerohive Devices %],[all noncompliant providers %],FALSE,0,FALSE,0,0,06reportList.action?operation=runLink&listType=hiveApNonCompliance&buttonType=hiveApNonCompliance,all warning providers %,Warning Devices %,[Warning Aerohive Devices %],[all warning providers %],FALSE,0,FALSE,0,1,,all compliant providers %,Compliant Devices %,[Compliant Aerohive Devices %],[all compliant providers %],FALSE,0,FALSE,0,2,,,,,,,,,,,,,,,,,,,,,,,,,,,,,,,,,,,,,,,,,,,,,,,,,,,,,,,,,,,,,,,,,,,,,,,,,,,,,,,,,,,,,,,,,,,,,,,,,,,,,
TRUE,27,Client Device SLA Compliance over Time,1,2,1,area,FALSE,TRUE,0to100,FALSE,time,Percentage (%),[Over Time],[time],,FALSE,0,0,,all noncompliant clients %,Noncompliant Clients %,[Noncompliant Client Devices %],[all noncompliant clients %],FALSE,0,FALSE,0,0,06reportList.action?operation=runLink&listType=clientNonCompliance&buttonType=clientNonCompliance,all warning clients %,Warning Clients %,[Warning Client Devices %],[all warning clients %],FALSE,0,FALSE,0,1,,all compliant clients %,Compliant Clients %,[Compliant Client Devices %],[all compliant clients %],FALSE,0,FALSE,0,2,,,,,,,,,,,,,,,,,,,,,,,,,,,,,,,,,,,,,,,,,,,,,,,,,,,,,,,,,,,,,,,,,,,,,,,,,,,,,,,,,,,,,,,,,,,,,,,,,,,,,
TRUE,28,Top 10 Aerohive Devices by Wi-Fi Client Usage,1,8,1,column,TRUE,FALSE,,FALSE,bandwidth consuming device,Usage,[bandwidth consuming device],[bandwidth consuming device],bytes,TRUE,0,10,08-,inbound 2.4 GHz bytes,2.4 GHz,[Inbound 2.4 GHz Byte Usage] + [Outbound 2.4 GHz Byte Usage],[inbound 2.4 GHz bytes] + [outbound 2.4 GHz bytes],FALSE,0,TRUE,0,0,,inbound 5 GHz bytes,5 GHz,[Inbound 5 GHz Byte Usage] + [Outbound 5 GHz Byte Usage],[inbound 5 GHz bytes] + [outbound 5 GHz bytes],FALSE,0,TRUE,0,1,,,,,,,,,,,,,,,,,,,,,,,,,,,,,,,,,,,,,,,,,,,,,,,,,,,,,,,,,,,,,,,,,,,,,,,,,,,,,,,,,,,,,,,,,,,,,,,,,,,,,,,,,,,,,,,
TRUE,29,Usage by SSIDs,1,16,1,pie,FALSE,FALSE,,FALSE,bandwidth provider,Usage,[Top Aerohive Devices (Aggregations/Ports) by Data Usage],[bandwidth provider],bytes,TRUE,127,20,,bytes,Usage,[Byte Usage],[bytes],FALSE,0,FALSE,0,0,,,,,,,,,,,,,,,,,,,,,,,,,,,,,,,,,,,,,,,,,,,,,,,,,,,,,,,,,,,,,,,,,,,,,,,,,,,,,,,,,,,,,,,,,,,,,,,,,,,,,,,,,,,,,,,,,,,,,,,,,
TRUE,30,Outbound Usage over Time,1,16,1,line,FALSE,TRUE,0,FALSE,time,Usage,[Over Time],[time],,FALSE,0,0,,outbound wired BPS,Total,[outbound wired BPS],[outbound 2.4 GHz BPS] + [outbound 5 GHz BPS] + [outbound wired BPS],FALSE,0,FALSE,0,0,,outbound 2.4 GHz BPS,2.4 GHz,[Outbound 2.4 GHz BPS],[outbound 2.4 GHz BPS],FALSE,0,FALSE,1,0,,outbound 5 GHz BPS,5 GHz,[Outbound 5 GHz BPS],[outbound 5 GHz BPS],FALSE,0,FALSE,2,0,,,,,,,,,,,,,,,,,,,,,,,,,,,,,,,,,,,,,,,,,,,,,,,,,,,,,,,,,,,,,,,,,,,,,,,,,,,,,,,,,,,,,,,,,,,,,,,,,,,,,
TRUE,31,Inbound Usage over Time,1,16,1,line,FALSE,TRUE,0,FALSE,time,Usage,[Over Time],[time],,FALSE,0,0,,inbound wired BPS,Total,[inbound wired BPS],[inbound 2.4 GHz BPS] + [inbound 5 GHz BPS] + [inbound wired BPS],FALSE,0,FALSE,0,0,,inbound 2.4 GHz BPS,2.4 GHz,[Inbound 2.4 GHz BPS],[inbound 2.4 GHz BPS],FALSE,0,FALSE,1,0,,inbound 5 GHz BPS,5 GHz,[Inbound 5 GHz BPS],[inbound 5 GHz BPS],FALSE,0,FALSE,2,0,,,,,,,,,,,,,,,,,,,,,,,,,,,,,,,,,,,,,,,,,,,,,,,,,,,,,,,,,,,,,,,,,,,,,,,,,,,,,,,,,,,,,,,,,,,,,,,,,,,,,
TRUE,32,Top 10 Wi-Fi Clients by Usage,1,2,1,column,TRUE,FALSE,,FALSE,bandwidth consumer,Usage,[Top Client Devices by Data Usage],[bandwidth consumer],,FALSE,0,10,0384-85-86,bytes,Usage,[Byte Usage],[bytes],FALSE,0,FALSE,0,0,,,,,,,,,,,,,,,,,,,,,,,,,,,,,,,,,,,,,,,,,,,,,,,,,,,,,,,,,,,,,,,,,,,,,,,,,,,,,,,,,,,,,,,,,,,,,,,,,,,,,,,,,,,,,,,,,,,,,,,,,
TRUE,33,Top 10 Aerohive Devices by Unique Wi-Fi Clients,1,8,1,column,TRUE,FALSE,,FALSE,bandwidth consuming device,Clients Count,[bandwidth consuming device],[bandwidth consuming device],total distinct sum client devices,TRUE,0,10,08-,total distinct 2.4 GHz client devices,2.4 GHz,[total distinct 2.4 GHz client devices],[total distinct 2.4 GHz client devices],FALSE,0,TRUE,0,0,,total distinct 5 GHz client devices,5 GHz,[total distinct 5 GHz client devices],[total distinct 5 GHz client devices],FALSE,0,TRUE,0,1,,,,,,,,,,,,,,,,,,,,,,,,,,,,,,,,,,,,,,,,,,,,,,,,,,,,,,,,,,,,,,,,,,,,,,,,,,,,,,,,,,,,,,,,,,,,,,,,,,,,,,,,,,,,,,,
TRUE,34,Max Concurrent Clients over Time (Network Wide),1,2,1,column,FALSE,TRUE,0,FALSE,time,Clients Count,[Over Time],[time],,FALSE,0,0,,maximum concurrent client devices 2.4 GHz,2.4 GHz,[Maximum Number of Concurrent Client Devices 2.4 GHz],[maximum concurrent client devices 2.4 GHz],FALSE,0,TRUE,0,0,,maximum concurrent client devices 5 GHz,5 GHz,[Maximum Number of Concurrent Client Devices 5 GHz],[maximum concurrent client devices 5 GHz],FALSE,0,TRUE,0,1,,maximum concurrent client devices wired,Wired,[Maximum Number of Concurrent Client Devices Wired],[maximum concurrent client devices wired],FALSE,0,TRUE,0,2,,,,,,,,,,,,,,,,,,,,,,,,,,,,,,,,,,,,,,,,,,,,,,,,,,,,,,,,,,,,,,,,,,,,,,,,,,,,,,,,,,,,,,,,,,,,,,,,,,,,,
TRUE,35,Unique Clients by SSID,1,2,1,pie,FALSE,FALSE,,FALSE,bandwidth provider,SSID,[bandwidth provider],[bandwidth provider],total distinct wireless client devices,TRUE,127,20,,total distinct wireless client devices,Clients,[total distinct wireless client devices],[total distinct wireless client devices],FALSE,0,FALSE,0,0,,,,,,,,,,,,,,,,,,,,,,,,,,,,,,,,,,,,,,,,,,,,,,,,,,,,,,,,,,,,,,,,,,,,,,,,,,,,,,,,,,,,,,,,,,,,,,,,,,,,,,,,,,,,,,,,,,,,,,,,,
TRUE,36,Unique Clients by SSID at 2.4 GHz,1,2,1,pie,FALSE,FALSE,,FALSE,bandwidth provider,SSID,[bandwidth provider],[bandwidth provider],total distinct 2.4 GHz client devices,TRUE,127,20,,total distinct 2.4 GHz client devices,Clients,[total distinct 2.4 GHz client devices],[total distinct 2.4 GHz client devices],FALSE,0,FALSE,0,0,,,,,,,,,,,,,,,,,,,,,,,,,,,,,,,,,,,,,,,,,,,,,,,,,,,,,,,,,,,,,,,,,,,,,,,,,,,,,,,,,,,,,,,,,,,,,,,,,,,,,,,,,,,,,,,,,,,,,,,,,
TRUE,37,Unique Clients by SSID at 5 GHz,1,2,1,pie,FALSE,FALSE,,FALSE,bandwidth provider,SSID,[bandwidth provider],[bandwidth provider],total distinct 5 GHz client devices,TRUE,127,20,,total distinct 5 GHz client devices,Clients,[total distinct 5 GHz client devices],[total distinct 5 GHz client devices],FALSE,0,FALSE,0,0,,,,,,,,,,,,,,,,,,,,,,,,,,,,,,,,,,,,,,,,,,,,,,,,,,,,,,,,,,,,,,,,,,,,,,,,,,,,,,,,,,,,,,,,,,,,,,,,,,,,,,,,,,,,,,,,,,,,,,,,,
TRUE,38,Unique Clients by SSID over Time,1,2,1,column,FALSE,TRUE,,FALSE,time,Clients Count,[Over Time],[time],,FALSE,0,0,,total distinct client devices,Clients,[total distinct client devices],[total distinct client devices],TRUE,127,TRUE,0,0,,,,,,,,,,,,,,,,,,,,,,,,,,,,,,,,,,,,,,,,,,,,,,,,,,,,,,,,,,,,,,,,,,,,,,,,,,,,,,,,,,,,,,,,,,,,,,,,,,,,,,,,,,,,,,,,,,,,,,,,,
TRUE,39,Bandwidth Usage for SSIDs over Time,1,16,1,line,FALSE,TRUE,0,FALSE,time,Usage,[Over Time],[time],,FALSE,0,0,,total bandwidth client BPS,Usage,[Total Data Usage BPS],[total bandwidth client BPS],TRUE,127,FALSE,0,0,,,,,,,,,,,,,,,,,,,,,,,,,,,,,,,,,,,,,,,,,,,,,,,,,,,,,,,,,,,,,,,,,,,,,,,,,,,,,,,,,,,,,,,,,,,,,,,,,,,,,,,,,,,,,,,,,,,,,,,,,
TRUE,40,Top 10 Aerohive Devices by Errors,1,8,1,column,TRUE,FALSE,,FALSE,Error Types by Percentage for the Top 20 AP,Errors (%),[Top Aerohive Devices by Error %],[Error Types by Percentage for the Top 20 AP],error %,TRUE,0,10,0487-88-89-92,2.4 GHz CRC error %,2.4 GHz CRC Error %,[2.4 GHz CRC Error %],[2.4 GHz CRC error %],FALSE,0,FALSE,0,0,,2.4 GHz transmitting error %,2.4 GHz Tx Drop %,[2.4 GHz Transmitting Error %],[2.4 GHz transmitting error %],FALSE,0,TRUE,0,1,,2.4 GHz transmitting retry %,2.4 GHz Tx Retry %,[2.4 GHz transmitting Retry %],[2.4 GHz transmitting retry %],FALSE,0,TRUE,0,2,,5 GHz CRC error %,5 GHz CRC Error %,[5 GHz CRC Error %],[5 GHz CRC error %],FALSE,0,TRUE,1,0,,5 GHz transmitting error %,5 GHz Tx Drop %,[5 GHz Transmitting Error %],[5 GHz transmitting error %],FALSE,0,TRUE,1,1,,5 GHz transmitting retry %,5 GHz Tx Retry %,[5 GHz transmitting Retry %],[5 GHz transmitting retry %],FALSE,0,TRUE,1,2,,,,,,,,,,,,,,,,,,,,,,,,,,,,,,,,,,,,,,,,,,,,,,,,,,,,,,,,,,,,,,,,,,,,,,,
TRUE,41,Top 10 APs by Channel Utilization,1,8,1,column,TRUE,FALSE,,FALSE,network device (interface) of Channel Utilization,Channel Utilization (%),[Top Aerohive Devices (Interfaces) by Channel Utilization],[network device (interface) of Channel Utilization],Channel Utilization %,TRUE,0,10,0487-88-89-92,2.4 GHz interference %,2.4 GHz Interference %,[2.4 GHz Interference %],[2.4 GHz interference %],FALSE,0,TRUE,0,0,,2.4 GHz transmitting %,2.4 GHz Tx Channel %,[2.4 GHz Transmitting %],[2.4 GHz transmitting %],FALSE,0,TRUE,0,1,,2.4 GHz receiving %,2.4 GHz Rx Channel %,[2.4 GHz Receiving %],[2.4 GHz receiving %],FALSE,0,TRUE,0,2,,5 GHz interference %,5 GHz Interference %,[54 GHz Interference %],[5 GHz interference %],FALSE,0,TRUE,1,0,,5 GHz transmitting %,5 GHz Tx Channel %,[5 GHz Transmitting %],[5 GHz transmitting %],FALSE,0,TRUE,1,1,,5 GHz receiving %,5 GHz Rx Channel %,[5 GHz Receiving %],[5 GHz receiving %],FALSE,0,TRUE,1,2,,,,,,,,,,,,,,,,,,,,,,,,,,,,,,,,,,,,,,,,,,,,,,,,,,,,,,,,,,,,,,,,,,,,,,,
TRUE,42,Unique Wi-Fi Clients over Time,1,2,1,column,FALSE,TRUE,,FALSE,time,Clients Count,[Over Time],[time],,FALSE,0,0,,total distinct 2.4 GHz client devices,2.4 GHz Clients,[total distinct 2.4 GHz client devices],[total distinct 2.4 GHz client devices],FALSE,0,TRUE,0,0,,total distinct 5 GHz client devices,5 GHz Clients,[total distinct 5 GHz client devices],[total distinct 5 GHz client devices],FALSE,0,TRUE,0,1,,,,,,,,,,,,,,,,,,,,,,,,,,,,,,,,,,,,,,,,,,,,,,,,,,,,,,,,,,,,,,,,,,,,,,,,,,,,,,,,,,,,,,,,,,,,,,,,,,,,,,,,,,,,,,,
//TRUE,43,Max Concurrent Clients by SSID over Time(line),1,2,1,line,FALSE,TRUE,0,FALSE,time,Clients Count,[Over Time],[time],,FALSE,0,0,,maximum concurrent client devices wireless,Concurrent Clients,[Maximum Number of Concurrent Client Devices],[maximum concurrent client devices wireless],TRUE,127,FALSE,0,0,,,,,,,,,,,,,,,,,,,,,,,,,,,,,,,,,,,,,,,,,,,,,,,,,,,,,,,,,,,,,,,,,,,,,,,,,,,,,,,,,,,,,,,,,,,,,,,,,,,,,,,,,,,,,,,,,,,,,,,,,
TRUE,44,Unique Wi-Fi Clients by Location,1,2,1,column,TRUE,FALSE,,FALSE,bandwidth provider,Clients Count,[Top Aerohive Devices (Aggregations/Ports) by Data Usage],[bandwidth provider],total distinct client devices,TRUE,0,0,,total distinct client devices,Clients,[Total Number of Client Devices],[total distinct client devices],TRUE,1,FALSE,0,0,,,,,,,,,,,,,,,,,,,,,,,,,,,,,,,,,,,,,,,,,,,,,,,,,,,,,,,,,,,,,,,,,,,,,,,,,,,,,,,,,,,,,,,,,,,,,,,,,,,,,,,,,,,,,,,,,,,,,,,,,
TRUE,45,Top 10 Wi-Fi Clients by Usage (Detail),1,2,1,table,FALSE,FALSE,,FALSE,bandwidth consumer,Client,[Top Client Devices by Data Usage],[bandwidth consumer],,FALSE,0,10,0384-85-86,bytes,Usage,[Byte Usage],[bytes],FALSE,0,FALSE,0,0,,UserNames,User,[UserName(s)],[UserNames],FALSE,0,FALSE,0,1,,OS/type,Client OS,[Client Device Type],[OS/type],FALSE,0,FALSE,0,2,,,,,,,,,,,,,,,,,,,,,,,,,,,,,,,,,,,,,,,,,,,,,,,,,,,,,,,,,,,,,,,,,,,,,,,,,,,,,,,,,,,,,,,,,,,,,,,,,,,,,
TRUE,46,Usage by Location,1,16,1,column,TRUE,FALSE,,FALSE,bandwidth provider(interface),Usage,[Top Aerohive Devices (Aggregations/Ports) by Data Usage],[bandwidth provider(interface)],bytes,TRUE,0,0,,bytes,Usage,[Byte Usage],[bytes],TRUE,1,FALSE,0,0,,,,,,,,,,,,,,,,,,,,,,,,,,,,,,,,,,,,,,,,,,,,,,,,,,,,,,,,,,,,,,,,,,,,,,,,,,,,,,,,,,,,,,,,,,,,,,,,,,,,,,,,,,,,,,,,,,,,,,,,,
TRUE,47,Bandwidth Usage over Time,1,16,1,area,FALSE,TRUE,0,FALSE,time,Usage,[Over Time],[time],,FALSE,0,0,,outbound 2.4 GHz BPS,Tx Usage,[Outbound 2.4 GHz BPS] + [Outbound 5 GHz BPS] + [Outbound Wired BPS],[outbound 2.4 GHz BPS] + [outbound 5 GHz BPS] + [outbound wired BPS],FALSE,0,FALSE,0,0,,inbound 2.4 GHz BPS,Rx Usage,[Inbound 2.4 GHz BPS] + [Inbound 5 GHz BPS] + [Inbound Wired BPS],[inbound 2.4 GHz BPS] + [inbound 5 GHz BPS] + [inbound wired BPS],FALSE,0,FALSE,0,1,,,,,,,,,,,,,,,,,,,,,,,,,,,,,,,,,,,,,,,,,,,,,,,,,,,,,,,,,,,,,,,,,,,,,,,,,,,,,,,,,,,,,,,,,,,,,,,,,,,,,,,,,,,,,,,
TRUE,48,Top 10 APs by Retries ,1,8,1,column,TRUE,FALSE,,FALSE,network device (port) w/ retries,Retries (%),[Top Aerohive Devices (Interfaces) by Retry %],[network device (port) w/ retries],retry %,TRUE,0,10,0487-88-89-92,2.4 GHz transmitting retry %,2.4 GHz Tx Retry %,[2.4 GHz Transmitting Retry %],[2.4 GHz transmitting retry %],FALSE,0,TRUE,0,0,,2.4 GHz receiving retry %,2.4 GHz Rx Retry %,[2.4 GHz Receiving Retry %],[2.4 GHz receiving retry %],FALSE,0,TRUE,0,1,,5 GHz transmitting retry %,5 GHz Tx Retry %,[5 GHz Transmitting Retry %],[5 GHz transmitting retry %],FALSE,0,TRUE,1,0,,5 GHz receiving retry %,5 GHz Rx Retry %,[5 GHz Receiving Retry %],[5 GHz receiving retry %],FALSE,0,TRUE,1,1,,,,,,,,,,,,,,,,,,,,,,,,,,,,,,,,,,,,,,,,,,,,,,,,,,,,,,,,,,,,,,,,,,,,,,,,,,,,,,,,,,,,,,,,,,,
TRUE,49,Top 10 APs by Airtime Utilization,1,8,1,column,TRUE,FALSE,,FALSE,network device (interface) of AirTime utilization,AirTime Utilization (%),[Top Aerohive Devices (Interfaces) by AirTime Utilization],[network device (interface) of AirTime utilization],AirTime utilization %,TRUE,0,10,0487-88-89-92,2.4 GHz transmitting %,2.4 GHz Tx Airtime %,[2.4 GHz Transmitting %],[2.4 GHz transmitting %],FALSE,0,TRUE,0,0,,2.4 GHz receiving %,2.4 GHz Rx Airtime %,[2.4 GHz Receiving %],[2.4 GHz receiving %],FALSE,0,TRUE,0,1,,5 GHz transmitting %,5 GHz Tx Airtime %,[5 GHz Transmitting %],[5 GHz transmitting %],FALSE,0,TRUE,1,0,,5 GHz receiving %,5 GHz Rx Airtime %,[5 GHz Receiving %],[5 GHz receiving %],FALSE,0,TRUE,1,1,,,,,,,,,,,,,,,,,,,,,,,,,,,,,,,,,,,,,,,,,,,,,,,,,,,,,,,,,,,,,,,,,,,,,,,,,,,,,,,,,,,,,,,,,,,
TRUE,50,Top 10 SSIDs by Usage,1,16,1,column,TRUE,FALSE,,FALSE,bandwidth provider,Usage,[Top Aerohive Devices (Aggregations/Ports) by Data Usage],[bandwidth provider],bytes,TRUE,127,10,,bytes,Usage,[Byte Usage],[bytes],FALSE,0,FALSE,0,0,,,,,,,,,,,,,,,,,,,,,,,,,,,,,,,,,,,,,,,,,,,,,,,,,,,,,,,,,,,,,,,,,,,,,,,,,,,,,,,,,,,,,,,,,,,,,,,,,,,,,,,,,,,,,,,,,,,,,,,,,
TRUE,51,Active Clients by Client OS,1,2,1,pie,FALSE,FALSE,,FALSE,client device OS/type,OS,[Distribution by Client Device Type],[client device OS/type],,FALSE,0,0,,total distinct client devices,Clients,[Total Number of Client Devices],[total distinct client devices],FALSE,0,FALSE,0,0,,,,,,,,,,,,,,,,,,,,,,,,,,,,,,,,,,,,,,,,,,,,,,,,,,,,,,,,,,,,,,,,,,,,,,,,,,,,,,,,,,,,,,,,,,,,,,,,,,,,,,,,,,,,,,,,,,,,,,,,,
TRUE,52,Top 10 Switch Ports by Usage ,2,8,1,column,TRUE,FALSE,,FALSE,bandwidth ports,Switch Port Usage,[Port Bandwidth],[bandwidth ports],bytes,TRUE,0,10,0790-91,bytes,Usage,[Data Usage],[bytes],FALSE,0,FALSE,0,0,,,,,,,,,,,,,,,,,,,,,,,,,,,,,,,,,,,,,,,,,,,,,,,,,,,,,,,,,,,,,,,,,,,,,,,,,,,,,,,,,,,,,,,,,,,,,,,,,,,,,,,,,,,,,,,,,,,,,,,,,
TRUE,53,Top 20 Applications by Usage,1,1,1,table,FALSE,FALSE,,FALSE,bandwidth application by usage,Application,[Top Applications by Data Usage],[bandwidth application by usage],bytes,TRUE,0,20,0257-58-83-59-61-60-97,bytes,Usage,[Data Usage],[bytes],FALSE,0,FALSE,0,0,,percent usage,Usage Percentage,[Percent Usage],[percent usage],FALSE,0,FALSE,0,1,,users,# of Users,[Total Number of Users],[users],FALSE,0,FALSE,0,2,,,,,,,,,,,,,,,,,,,,,,,,,,,,,,,,,,,,,,,,,,,,,,,,,,,,,,,,,,,,,,,,,,,,,,,,,,,,,,,,,,,,,,,,,,,,,,,,,,,,,
TRUE,54,Top 20 Users by Application Usage,1,1,1,table,FALSE,FALSE,,FALSE,bandwidth user applied,User,[Top Users by Data Usage],[bandwidth user applied],bytes,TRUE,0,20,0162-66-63-64,bytes,Usage,[Data Usage],[bytes],FALSE,0,FALSE,0,0,,,,,,,,,,,,,,,,,,,,,,,,,,,,,,,,,,,,,,,,,,,,,,,,,,,,,,,,,,,,,,,,,,,,,,,,,,,,,,,,,,,,,,,,,,,,,,,,,,,,,,,,,,,,,,,,,,,,,,,,,
TRUE,55,Top 20 Applications by Clients,1,1,1,table,FALSE,FALSE,,FALSE,bandwidth application by clients,Application,[Top Applications by Data Usage],[bandwidth application by clients],client devices,TRUE,0,20,0257-58-83-59-61-60-97,client devices,# of Clients,[Total Number of Client Devices],[client devices],FALSE,0,FALSE,0,0,,bytes,Usage,[Data Usage],[bytes],FALSE,0,FALSE,0,1,,,,,,,,,,,,,,,,,,,,,,,,,,,,,,,,,,,,,,,,,,,,,,,,,,,,,,,,,,,,,,,,,,,,,,,,,,,,,,,,,,,,,,,,,,,,,,,,,,,,,,,,,,,,,,,
//TRUE,56,Top 20 Applications by Users,1,1,1,table,FALSE,FALSE,,FALSE,bandwidth application,Application,[Top Applications by Data Usage],[bandwidth application],users,TRUE,0,20,0257-58-83-59-61-60-97,users,# of Users,[Total Number of Users],[users],FALSE,0,FALSE,0,0,,bytes,Usage,[Data Usage],[bytes],FALSE,0,FALSE,0,1,,group,Application Group,[Application Group],[group],FALSE,0,FALSE,0,2,,,,,,,,,,,,,,,,,,,,,,,,,,,,,,,,,,,,,,,,,,,,,,,,,,,,,,,,,,,,,,,,,,,,,,,,,,,,,,,,,,,,,,,,,,,,,,,,,,,,,
TRUE,57,Application Details,1,1,4,list,FALSE,FALSE,,FALSE,application information,Application Information,[Application Information],[application information],,FALSE,0,1,,application name,Application,[application name],[application name],FALSE,0,FALSE,0,0,,group,Application Group,[Application Group],[group],FALSE,0,FALSE,0,1,,bytes,Usage,[Data Usage],[bytes],FALSE,0,FALSE,0,2,,users,# of Users,[Total Number of Users],[users],FALSE,0,FALSE,0,3,,client devices,# of Clients,[Total Number of Client Devices],[client devices],FALSE,0,FALSE,0,4,,application description,Application Description,[application description],[application description],FALSE,0,FALSE,0,5,,,,,,,,,,,,,,,,,,,,,,,,,,,,,,,,,,,,,,,,,,,,,,,,,,,,,,,,,,,,,,,,,,,,,,,
TRUE,58,Top 20 Users for this Application,1,4,4,table,FALSE,FALSE,,FALSE,bandwidth user applied,User,[Top Users by Data Usage],[bandwidth user applied],bytes,TRUE,0,20,0162-66-63-64,bytes,Usage,[Data Usage],[bytes],FALSE,0,FALSE,0,0,,last ap,Recent AP,[recent AP asssociated],[last ap],FALSE,0,FALSE,0,1,,,,,,,,,,,,,,,,,,,,,,,,,,,,,,,,,,,,,,,,,,,,,,,,,,,,,,,,,,,,,,,,,,,,,,,,,,,,,,,,,,,,,,,,,,,,,,,,,,,,,,,,,,,,,,,
TRUE,59,SSIDs Using this Application,1,16,4,table,FALSE,FALSE,,FALSE,bandwidth application breakdown,SSID,[Bandwidth Application],[bandwidth application breakdown],bytes,TRUE,127,20,,bytes,Usage,[Byte Usage],[bytes],FALSE,0,FALSE,0,0,,users,# of Users,[Total Number of Users],[users],FALSE,0,FALSE,0,1,,,,,,,,,,,,,,,,,,,,,,,,,,,,,,,,,,,,,,,,,,,,,,,,,,,,,,,,,,,,,,,,,,,,,,,,,,,,,,,,,,,,,,,,,,,,,,,,,,,,,,,,,,,,,,,
TRUE,60,Aerohive Devices Using this Application,1,16,4,table,FALSE,FALSE,,FALSE,device association list,Device,[device association],[device association list],,FALSE,0,20,,device mac,MAC Address,[Aerohive Device MAC Address],[device mac],FALSE,0,FALSE,0,0,,device location,Topology,[Aerohive Device Location],[device location],FALSE,0,FALSE,0,1,06mapNodes.action?operation=redirect&amp;id={{topo_id}},,,,,,,,,,,,,,,,,,,,,,,,,,,,,,,,,,,,,,,,,,,,,,,,,,,,,,,,,,,,,,,,,,,,,,,,,,,,,,,,,,,,,,,,,,,,,,,,,,,,,,,,,,,,,,
TRUE,61,Usage by User Profile Using this Application,1,16,4,pie,FALSE,FALSE,,FALSE,bandwidth application breakdown,Usage,[Bandwidth Application],[bandwidth application breakdown],bytes,TRUE,126,20,,bytes,Usage,[Byte Usage],[bytes],FALSE,0,FALSE,0,0,,,,,,,,,,,,,,,,,,,,,,,,,,,,,,,,,,,,,,,,,,,,,,,,,,,,,,,,,,,,,,,,,,,,,,,,,,,,,,,,,,,,,,,,,,,,,,,,,,,,,,,,,,,,,,,,,,,,,,,,,
TRUE,62,User Details ,1,4,3,list,FALSE,FALSE,,FALSE,bandwidth user applied,User,[Top Users by Data Usage],[bandwidth user applied],,FALSE,0,1,,user name,User,[user name],[user name],FALSE,0,FALSE,0,0,,bytes,Usage,[Data Usage],[bytes],FALSE,0,FALSE,0,1,,user profile names,User Profiles,[user profile names],[user profile names],FALSE,0,FALSE,0,2,,last time,Last Seen,[Last Time],[last time],FALSE,0,FALSE,0,3,,,,,,,,,,,,,,,,,,,,,,,,,,,,,,,,,,,,,,,,,,,,,,,,,,,,,,,,,,,,,,,,,,,,,,,,,,,,,,,,,,,,,,,,,,,
TRUE,63,Client Used by this User,1,16,3,table,FALSE,FALSE,,FALSE,client list,MAC Address,[client list],[client list],bytes,TRUE,0,20,,client host name,Host Name,[client host name],[client host name],FALSE,0,FALSE,0,0,,OS/type,Client OS,[OS/type],[OS/type],FALSE,0,FALSE,0,1,,bytes,Usage,[Data Usage],[bytes],FALSE,0,FALSE,0,2,,device name,Device Name,[device name],[device name],FALSE,0,FALSE,0,3,,,,,,,,,,,,,,,,,,,,,,,,,,,,,,,,,,,,,,,,,,,,,,,,,,,,,,,,,,,,,,,,,,,,,,,,,,,,,,,,,,,,,,,,,,,
TRUE,64,SSIDs Accessed by this User,1,16,3,table,FALSE,FALSE,,FALSE,bandwidth application breakdown,SSID,[Bandwidth Application],[bandwidth application breakdown],bytes,TRUE,127,20,,bytes,Usage,[Byte Usage],[bytes],FALSE,0,FALSE,0,0,,,,,,,,,,,,,,,,,,,,,,,,,,,,,,,,,,,,,,,,,,,,,,,,,,,,,,,,,,,,,,,,,,,,,,,,,,,,,,,,,,,,,,,,,,,,,,,,,,,,,,,,,,,,,,,,,,,,,,,,,
TRUE,65,Aerohive Devices Accessed by this User,1,16,3,table,FALSE,FALSE,,FALSE,device association list,Device,[device association],[device association list],,FALSE,0,20,,device mac,MAC Address,[Aerohive Device MAC Address],[device mac],FALSE,0,FALSE,0,0,,device location,Topology,[Aerohive Device Location],[device location],FALSE,0,FALSE,0,1,06mapNodes.action?operation=redirect&amp;id={{topo_id}},,,,,,,,,,,,,,,,,,,,,,,,,,,,,,,,,,,,,,,,,,,,,,,,,,,,,,,,,,,,,,,,,,,,,,,,,,,,,,,,,,,,,,,,,,,,,,,,,,,,,,,,,,,,,,
TRUE,66,Top 20 Applications for this User,1,1,3,table,FALSE,FALSE,,FALSE,bandwidth application,Application,[Top Applications by Data Usage],[bandwidth application],bytes,TRUE,0,20,0257-58-83-59-61-60-97,bytes,Usage,[Data Usage],[bytes],FALSE,0,FALSE,0,0,,percent usage,Usage Percentage,[Percent Usage],[percent usage],FALSE,0,FALSE,0,1,,,,,,,,,,,,,,,,,,,,,,,,,,,,,,,,,,,,,,,,,,,,,,,,,,,,,,,,,,,,,,,,,,,,,,,,,,,,,,,,,,,,,,,,,,,,,,,,,,,,,,,,,,,,,,,
TRUE,67,Top 10 Applications by Usage - Summary,1,1,1,pie,FALSE,FALSE,,FALSE,bandwidth application,Usage,[Top Applications by Data Usage],[bandwidth application],bytes,TRUE,0,10,,bytes,Usage,[Data Usage],[bytes],FALSE,0,FALSE,0,0,0257-58-83-59-61-60-97,,,,,,,,,,,,,,,,,,,,,,,,,,,,,,,,,,,,,,,,,,,,,,,,,,,,,,,,,,,,,,,,,,,,,,,,,,,,,,,,,,,,,,,,,,,,,,,,,,,,,,,,,,,,,,,,,,,,,,,,
TRUE,68,Top 20 Application Usage over Time,1,1,1,column,FALSE,TRUE,0,FALSE,time for top N bandwidth application,Usage,[time for top N bandwidth application],[time for top N bandwidth application],,FALSE,0,20,,bytes,Usage,[bytes],[bytes],TRUE,115,TRUE,0,0,0257-58-83-59-61-60-97,,,,,,,,,,,,,,,,,,,,,,,,,,,,,,,,,,,,,,,,,,,,,,,,,,,,,,,,,,,,,,,,,,,,,,,,,,,,,,,,,,,,,,,,,,,,,,,,,,,,,,,,,,,,,,,,,,,,,,,,
TRUE,69,User by Wi-Fi Client OS,1,2,1,pie,FALSE,FALSE,,FALSE,bandwidth consuming OS/type,Users Count,[bandwidth consuming OS/type],[bandwidth consuming OS/type],total distinct client users,TRUE,0,20,,total distinct client users,Users,[total distinct client users],[total distinct client users],FALSE,0,FALSE,0,0,,,,,,,,,,,,,,,,,,,,,,,,,,,,,,,,,,,,,,,,,,,,,,,,,,,,,,,,,,,,,,,,,,,,,,,,,,,,,,,,,,,,,,,,,,,,,,,,,,,,,,,,,,,,,,,,,,,,,,,,,
TRUE,70,Top 10 Wi-Fi Client OS Types by Usage,1,2,1,table,FALSE,FALSE,,FALSE,bandwidth consuming OS/type,Client OS,[bandwidth consuming OS/type],[bandwidth consuming OS/type],bytes,TRUE,0,10,,bytes,Usage,[bytes],[bytes],FALSE,0,FALSE,0,0,,,,,,,,,,,,,,,,,,,,,,,,,,,,,,,,,,,,,,,,,,,,,,,,,,,,,,,,,,,,,,,,,,,,,,,,,,,,,,,,,,,,,,,,,,,,,,,,,,,,,,,,,,,,,,,,,,,,,,,,,
TRUE,71,Top 10 Wi-Fi Client OS Types by Clients,1,2,1,column,TRUE,FALSE,,FALSE,bandwidth consuming OS/type,Clients Count,[bandwidth consuming OS/type],[bandwidth consuming OS/type],total distinct client devices,TRUE,0,10,,total distinct client devices,Clients,[total distinct client devices],[total distinct client devices],FALSE,0,FALSE,0,0,,,,,,,,,,,,,,,,,,,,,,,,,,,,,,,,,,,,,,,,,,,,,,,,,,,,,,,,,,,,,,,,,,,,,,,,,,,,,,,,,,,,,,,,,,,,,,,,,,,,,,,,,,,,,,,,,,,,,,,,,
TRUE,72,Usage by Wi-Fi Client OS,1,2,1,pie,FALSE,FALSE,,FALSE,bandwidth consuming OS/type,Usage,[bandwidth consuming OS/type],[bandwidth consuming OS/type],bytes,TRUE,0,0,,bytes,Usage,[bytes],[bytes],FALSE,0,FALSE,0,0,,,,,,,,,,,,,,,,,,,,,,,,,,,,,,,,,,,,,,,,,,,,,,,,,,,,,,,,,,,,,,,,,,,,,,,,,,,,,,,,,,,,,,,,,,,,,,,,,,,,,,,,,,,,,,,,,,,,,,,,,
TRUE,73,Usage by Wi-Fi Client OS over Time,1,2,1,column,FALSE,TRUE,0,FALSE,time,Usage,[time],[time],,FALSE,0,0,,client bytes,Usage,[client bytes],[client bytes],TRUE,116,TRUE,0,0,,,,,,,,,,,,,,,,,,,,,,,,,,,,,,,,,,,,,,,,,,,,,,,,,,,,,,,,,,,,,,,,,,,,,,,,,,,,,,,,,,,,,,,,,,,,,,,,,,,,,,,,,,,,,,,,,,,,,,,,,
TRUE,74,Unique Wi-Fi Clients by OS over Time,1,2,1,column,FALSE,TRUE,0,FALSE,time,Clients Count,[time],[time],,FALSE,0,0,,total distinct client devices,Clients,[total distinct client devices],[total distinct client devices],TRUE,116,TRUE,0,0,,,,,,,,,,,,,,,,,,,,,,,,,,,,,,,,,,,,,,,,,,,,,,,,,,,,,,,,,,,,,,,,,,,,,,,,,,,,,,,,,,,,,,,,,,,,,,,,,,,,,,,,,,,,,,,,,,,,,,,,,
//TRUE,75,Application Usage by Location,1,1,1,column,TRUE,FALSE,,FALSE,bandwidth application breakdown,Usage,[bandwidth application breakdown],[bandwidth application breakdown],bytes,TRUE,0,0,,bytes,Usage,[bytes],[bytes],TRUE,1,FALSE,0,0,,,,,,,,,,,,,,,,,,,,,,,,,,,,,,,,,,,,,,,,,,,,,,,,,,,,,,,,,,,,,,,,,,,,,,,,,,,,,,,,,,,,,,,,,,,,,,,,,,,,,,,,,,,,,,,,,,,,,,,,,
//TRUE,76,Channel Usage over Time,1,8,1,column,FALSE,TRUE,0,FALSE,interface over time,Channel Utilization (%),[interface over time],[interface over time],,FALSE,0,0,,receiving %,Rx Utilization %,[receiving %],[receiving %],FALSE,0,TRUE,0,0,,transmitting %,Tx Utilization %,[transmitting %],[transmitting %],FALSE,0,TRUE,0,1,,interference %,Interference %,[interference %],[interference %],FALSE,0,TRUE,0,2,,,,,,,,,,,,,,,,,,,,,,,,,,,,,,,,,,,,,,,,,,,,,,,,,,,,,,,,,,,,,,,,,,,,,,,,,,,,,,,,,,,,,,,,,,,,,,,,,,,,,
//TRUE,77,Errors over Time,1,8,1,column,FALSE,TRUE,0,FALSE,interface over time,Errors (%),[interface over time],[interface over time],,FALSE,0,0,,transmitting retry %,Tx Retry %,[transmitting retry %],[transmitting retry %],FALSE,0,TRUE,0,0,,CRC error %,CRC error %,[CRC error %],[CRC error %],FALSE,0,TRUE,0,1,,transmitting error %,Tx Error %,[transmitting error %],[transmitting error %],FALSE,0,TRUE,0,2,,,,,,,,,,,,,,,,,,,,,,,,,,,,,,,,,,,,,,,,,,,,,,,,,,,,,,,,,,,,,,,,,,,,,,,,,,,,,,,,,,,,,,,,,,,,,,,,,,,,,
//TRUE,78,Top 20 Application Group by Usage,,,,,,,,,,,,,,,,,,,,,,,,,,,,,,,,,,,,,,,,,,,,,,,,,,,,,,,,,,,,,,,,,,,,,,,,,,,,,,,,,,,,,,,,,,,,,,,,,,,,,,,,,,,,,,,,,,,,,,,,,,,,,,,,,,,,,,,,,,,,,,,,,,,
//TRUE,79,Application Group Details,,,,,,,,,,,,,,,,,,,,,,,,,,,,,,,,,,,,,,,,,,,,,,,,,,,,,,,,,,,,,,,,,,,,,,,,,,,,,,,,,,,,,,,,,,,,,,,,,,,,,,,,,,,,,,,,,,,,,,,,,,,,,,,,,,,,,,,,,,,,,,,,,,,
//TRUE,80,Usage by Application Groups,,,,,,,,,,,,,,,,,,,,,,,,,,,,,,,,,,,,,,,,,,,,,,,,,,,,,,,,,,,,,,,,,,,,,,,,,,,,,,,,,,,,,,,,,,,,,,,,,,,,,,,,,,,,,,,,,,,,,,,,,,,,,,,,,,,,,,,,,,,,,,,,,,,
TRUE,81,All Applications by Usage,1,1,1,table,FALSE,FALSE,,FALSE,bandwidth of all application,Application,[bandwidth of all application],[bandwidth of all application],,FALSE,0,0,,day bytes,Last Calendar Day,[day bytes],[day bytes],FALSE,0,FALSE,0,0,,week bytes,Last 7 Days,[week bytes],[week bytes],FALSE,0,FALSE,0,1,,group,Application Group,[group],[group],FALSE,0,FALSE,0,2,,,,,,,,,,,,,,,,,,,,,,,,,,,,,,,,,,,,,,,,,,,,,,,,,,,,,,,,,,,,,,,,,,,,,,,,,,,,,,,,,,,,,,,,,,,,,,,,,,,,,
//TRUE no used,82,Number of Clients Using an Application over Time,,,,,,,,,,,,,,,,,,,,,,,,,,,,,,,,,,,,,,,,,,,,,,,,,,,,,,,,,,,,,,,,,,,,,,,,,,,,,,,,,,,,,,,,,,,,,,,,,,,,,,,,,,,,,,,,,,,,,,,,,,,,,,,,,,,,,,,,,,,,,,,,,,,
TRUE,83,Application Usage Over Time,1,1,4,line,FALSE,TRUE,0,FALSE,time for application,Usage,[time for application],[time for application],,,0,0,,bytes,Usage,[bytes],[bytes],FALSE,0,FALSE,0,0,,,,,,,,,,,,,,,,,,,,,,,,,,,,,,,,,,,,,,,,,,,,,,,,,,,,,,,,,,,,,,,,,,,,,,,,,,,,,,,,,,,,,,,,,,,,,,,,,,,,,,,,,,,,,,,,,,,,,,,,,
TRUE,84,Client Details,1,2,2,list,FALSE,FALSE,,FALSE,client detail,Client,[client detail],[client detail],,FALSE,0,1,,client MAC,MAC Address,[client MAC],[client MAC],FALSE,0,FALSE,0,0,,bytes,Usage,[Data Usage],[bytes],FALSE,0,FALSE,0,1,,client host name,Host Name,[client host name],[client host name],FALSE,0,FALSE,0,2,,OS/type,Client OS,[OS/type],[OS/type],FALSE,0,FALSE,0,3,,last ap associated,Recent AP,[last ap associated],[last ap associated],FALSE,0,FALSE,0,4,,location,Topology,[location],[location],FALSE,0,FALSE,0,5,,,,,,,,,,,,,,,,,,,,,,,,,,,,,,,,,,,,,,,,,,,,,,,,,,,,,,,,,,,,,,,,,,,,,,,
TRUE,85,SSIDs Accessed by this Client,1,16,2,table,FALSE,FALSE,,FALSE,ssid association list for client,SSID,[ssid association list for client],[ssid association list for client],,FALSE,0,20,,bytes,Usage,[bytes],[bytes],FALSE,0,FALSE,0,0,,total distinct client users,# of Users,[total distinct client users],[total distinct client users],FALSE,0,FALSE,0,1,,,,,,,,,,,,,,,,,,,,,,,,,,,,,,,,,,,,,,,,,,,,,,,,,,,,,,,,,,,,,,,,,,,,,,,,,,,,,,,,,,,,,,,,,,,,,,,,,,,,,,,,,,,,,,,
TRUE,86,Aerohive Devices Accessed by this Client,1,16,2,table,FALSE,FALSE,,FALSE,device association list for client,Device,[device association list for client],[device association list for client],,FALSE,0,20,,device mac,MAC Address,[device mac],[device mac],FALSE,0,FALSE,0,0,,device location,Topology,[device location],[device location],FALSE,0,FALSE,0,1,06mapNodes.action?operation=redirect&amp;id={{topo_id}},association time,Association Time,[association time],[association time],FALSE,0,FALSE,0,2,,,,,,,,,,,,,,,,,,,,,,,,,,,,,,,,,,,,,,,,,,,,,,,,,,,,,,,,,,,,,,,,,,,,,,,,,,,,,,,,,,,,,,,,,,,,,,,,,,,,,
TRUE,87,Channel Usage over Time,1,8,5,column,FALSE,TRUE,0,FALSE,interface over time,Channel Utilization (%),[interface over time],[interface over time],,FALSE,0,0,,2.4 GHz receiving %,2.4 GHz Rx Utilization %,[2.4 GHz receiving %],[2.4 GHz receiving %],FALSE,0,TRUE,0,0,,2.4 GHz transmitting %,2.4 GHz Tx Utilization %,[2.4 GHz transmitting %],[2.4 GHz transmitting %],FALSE,0,TRUE,0,1,,2.4 GHz interference %,2.4 GHz Interference %,[2.4 GHz interference %],[2.4 GHz interference %],FALSE,0,TRUE,0,2,,5 GHz receiving %,5 GHz Rx Utilization %,[5 GHz receiving %],[5 GHz receiving %],FALSE,0,TRUE,1,0,,5 GHz transmitting %,5 GHz Tx Utilization %,[5 GHz transmitting %],[5 GHz transmitting %],FALSE,0,TRUE,1,1,,5 GHz interference %,5 GHz Interference %,[5 GHz interference %],[5 GHz interference %],FALSE,0,TRUE,1,2,,,,,,,,,,,,,,,,,,,,,,,,,,,,,,,,,,,,,,,,,,,,,,,,,,,,,,,,,,,,,,,,,,,,,,,
TRUE,88,Errors over Time,1,8,5,column,FALSE,TRUE,0,FALSE,interface over time,Errors (%),[interface over time],[interface over time],,FALSE,0,0,,2.4 GHz transmitting retry %,2.4 GHz Tx Retry %,[2.4 GHz transmitting retry %],[2.4 GHz transmitting retry %],FALSE,0,TRUE,0,0,,2.4 GHz CRC error %,2.4 GHz CRC error %,[2.4 GHz CRC error %],[2.4 GHz CRC error %],FALSE,0,TRUE,0,1,,2.4 GHz transmitting error %,2.4 GHz Tx Error %,[2.4 GHz transmitting error %],[2.4 GHz transmitting error %],FALSE,0,TRUE,0,2,,5 GHz transmitting retry %,5 GHz Tx Retry %,[5 GHz transmitting retry %],[5 GHz transmitting retry %],FALSE,0,TRUE,1,0,,5 GHz CRC error %,5 GHz CRC error %,[5 GHz CRC error %],[5 GHz CRC error %],FALSE,0,TRUE,1,1,,5 GHz transmitting error %,5 GHz Tx Error %,[5 GHz transmitting error %],[5 GHz transmitting error %],FALSE,0,TRUE,1,2,,,,,,,,,,,,,,,,,,,,,,,,,,,,,,,,,,,,,,,,,,,,,,,,,,,,,,,,,,,,,,,,,,,,,,,
TRUE,89,Airtime Usage over Time,1,8,5,column,FALSE,TRUE,0,FALSE,interface over time,Airtime Utilization (%),[interface over time],[interface over time],,FALSE,0,0,,2.4 GHz transmitting AirTime %,2.4 GHz Tx AirTime %,[2.4 GHz transmitting AirTime %],[2.4 GHz transmitting AirTime %],FALSE,0,TRUE,0,0,,2.4 GHz receiving AirTime %,2.4 GHz Rx AirTime %,[2.4 GHz receiving AirTime %],[2.4 GHz receiving AirTime %],FALSE,0,TRUE,0,1,,5 GHz transmitting AirTime %,5 GHz Tx AirTime %,[5 GHz transmitting AirTime %],[5 GHz transmitting AirTime %],FALSE,0,TRUE,1,0,,5 GHz receiving AirTime %,5 GHz Rx AirTime %,[5 GHz receiving AirTime %],[5 GHz receiving AirTime %],FALSE,0,TRUE,1,1,,,,,,,,,,,,,,,,,,,,,,,,,,,,,,,,,,,,,,,,,,,,,,,,,,,,,,,,,,,,,,,,,,,,,,,,,,,,,,,,,,,,,,,,,,,
TRUE,90,Port Details,2,8,6,list,FALSE,FALSE,,FALSE,switch port detail,Detail,[switch port detail],[switch port detail],,FALSE,0,1,,MAC,MAC Address,[MAC],[MAC],FALSE,0,FALSE,0,0,,portName,Port Name,[portName],[portName],FALSE,0,FALSE,0,1,,portType,Port Type,[portType],[portType],FALSE,0,FALSE,0,2,,portChannel,Port Channel,[portChannel],[portChannel],FALSE,0,FALSE,0,3,,voiceVLANs,Voice VLAN,[voiceVLANs],[voiceVLANs],FALSE,0,FALSE,0,4,,dataVLANs,Data VLANs,[dataVLANs],[dataVLANs],FALSE,0,FALSE,0,5,,state,Link State,[state],[state],FALSE,0,FALSE,0,6,,lineProtocol,Line Protocol,[lineProtocol],[lineProtocol],FALSE,0,FALSE,0,7,,authenticationState,Authentication State,[authenticationState],[authenticationState],FALSE,0,FALSE,0,8,,STPMode,STP Mode,[STPMode],[STPMode],FALSE,0,FALSE,0,9,,STPRole,STP Role,[STPRole],[STPRole],FALSE,0,FALSE,0,10,,STPState,STP State,[STPState],[STPState],FALSE,0,FALSE,0,11,,STPEnable,STP Enable,[STPEnable],[STPEnable],FALSE,0,FALSE,0,12,
TRUE,91,Switch Port Bandwidth over Time,2,8,6,line,FALSE,TRUE,0,FALSE,switch port over time,Usage,[switch port over time],[switch port over time],,FALSE,0,0,,inbound BPS,Rx Usage,[inbound BPS],[inbound BPS],FALSE,0,FALSE,0,0,,outbound BPS,Tx Usage,[outbound BPS],[outbound BPS],FALSE,0,FALSE,1,0,,total BPS,Total Usage,[total BPS],[total BPS],FALSE,0,FALSE,2,0,,,,,,,,,,,,,,,,,,,,,,,,,,,,,,,,,,,,,,,,,,,,,,,,,,,,,,,,,,,,,,,,,,,,,,,,,,,,,,,,,,,,,,,,,,,,,,,,,,,,,
TRUE,92,Unique Wi-Fi Clients over Time,1,2,5,column,FALSE,TRUE,,FALSE,time,Clients Count,[Over Time],[time],,FALSE,0,0,,total distinct 2.4 GHz client devices,2.4 GHz Clients,[total distinct 2.4 GHz client devices],[total distinct 2.4 GHz client devices],FALSE,0,TRUE,0,0,,total distinct 5 GHz client devices,5 GHz Clients,[total distinct 5 GHz client devices],[total distinct 5 GHz client devices],FALSE,0,TRUE,0,1,,,,,,,,,,,,,,,,,,,,,,,,,,,,,,,,,,,,,,,,,,,,,,,,,,,,,,,,,,,,,,,,,,,,,,,,,,,,,,,,,,,,,,,,,,,,,,,,,,,,,,,,,,,,,,,
TRUE,93,Watchlist Applications by Usage - Summary,1,1,1,pie,FALSE,FALSE,,FALSE,watchlist bandwidth application,Usage,[Top Applications by Data Usage],[watchlist bandwidth application],bytes,TRUE,0,0,,bytes,Usage,[Data Usage],[bytes],FALSE,0,FALSE,0,0,0257-58-83-59-61-60-97,,,,,,,,,,,,,,,,,,,,,,,,,,,,,,,,,,,,,,,,,,,,,,,,,,,,,,,,,,,,,,,,,,,,,,,,,,,,,,,,,,,,,,,,,,,,,,,,,,,,,,,,,,,,,,,,,,,,,,,,
TRUE,94,Watchlist Applications by Usage,1,1,1,table,FALSE,FALSE,,FALSE,watchlist bandwidth application by usage,Application,[Top Applications by Data Usage],[watchlist bandwidth application by usage],bytes,TRUE,0,0,0257-58-83-59-61-60-97,bytes,Usage,[Data Usage],[bytes],FALSE,0,FALSE,0,0,,percent usage,Usage Percentage,[Percent Usage],[percent usage],FALSE,0,FALSE,0,1,,users,# of Users,[Total Number of Users],[users],FALSE,0,FALSE,0,2,,,,,,,,,,,,,,,,,,,,,,,,,,,,,,,,,,,,,,,,,,,,,,,,,,,,,,,,,,,,,,,,,,,,,,,,,,,,,,,,,,,,,,,,,,,,,,,,,,,,,
TRUE,95,Watchlist Applications by Clients,1,1,1,table,FALSE,FALSE,,FALSE,watchlist bandwidth application by clients,Application,[Top Applications by Data Usage],[watchlist bandwidth application by clients],client devices,TRUE,0,0,0257-58-83-59-61-60-97,client devices,# of Clients,[Total Number of Client Devices],[client devices],FALSE,0,FALSE,0,0,,bytes,Usage,[Data Usage],[bytes],FALSE,0,FALSE,0,1,,,,,,,,,,,,,,,,,,,,,,,,,,,,,,,,,,,,,,,,,,,,,,,,,,,,,,,,,,,,,,,,,,,,,,,,,,,,,,,,,,,,,,,,,,,,,,,,,,,,,,,,,,,,,,,
TRUE,96,Watchlist Application Usage over Time,1,1,1,column,FALSE,TRUE,0,FALSE,watchlist time for bandwidth application,Usage,[watchlist time for bandwidth application],[watchlist time for bandwidth application],,FALSE,0,0,,bytes,Usage,[bytes],[bytes],TRUE,115,TRUE,0,0,0257-58-83-59-61-60-97,,,,,,,,,,,,,,,,,,,,,,,,,,,,,,,,,,,,,,,,,,,,,,,,,,,,,,,,,,,,,,,,,,,,,,,,,,,,,,,,,,,,,,,,,,,,,,,,,,,,,,,,,,,,,,,,,,,,,,,,
TRUE,97,Top 20 Clients Using this Application,1,2,4,table,FALSE,FALSE,,FALSE,client usage by application,Client,[client usage by application],[client usage by application],bytes,TRUE,0,20,09100-99-101-102,bytes,Usage,[Data Usage],[bytes],FALSE,0,FALSE,0,0,,OS/type,Client OS,[Client Device Type],[OS/type],FALSE,0,FALSE,0,1,,last ap associated,Recent AP,[recent AP asssociated],[last ap associated],FALSE,0,FALSE,0,2,,clientmac,Client MAC,[clientmac],[clientmac],FALSE,0,FALSE,0,3,,,,,,,,,,,,,,,,,,,,,,,,,,,,,,,,,,,,,,,,,,,,,,,,,,,,,,,,,,,,,,,,,,,,,,,,,,,,,,,,,,,,,,,,,,,
TRUE,98,Top 20 Clients by Application Usage,1,1,1,table,FALSE,FALSE,,FALSE,top 20 client by application usage,Client,[top 20 client by application usage],[top 20 client by application usage],bytes,TRUE,0,20,09100-99-101-102,bytes,Usage,[Data Usage],[bytes],FALSE,0,FALSE,0,0,,clientmac,Client MAC,[clientmac],[clientmac],FALSE,0,FALSE,0,1,,,,,,,,,,,,,,,,,,,,,,,,,,,,,,,,,,,,,,,,,,,,,,,,,,,,,,,,,,,,,,,,,,,,,,,,,,,,,,,,,,,,,,,,,,,,,,,,,,,,,,,,,,,,,,,
TRUE,99,Top 20 Applications for this Client,1,4,7,table,FALSE,FALSE,,FALSE,top 20 application for client device,Application,[top 20 application for client device],[top 20 application for client device],bytes,TRUE,0,20,0257-58-83-59-61-60-97,bytes,Application Usage,[Data Usage],[bytes],FALSE,0,FALSE,0,0,,percent usage,Usage Percentage,[Percent Usage],[percent usage],FALSE,0,FALSE,0,1,,,,,,,,,,,,,,,,,,,,,,,,,,,,,,,,,,,,,,,,,,,,,,,,,,,,,,,,,,,,,,,,,,,,,,,,,,,,,,,,,,,,,,,,,,,,,,,,,,,,,,,,,,,,,,,
TRUE,100,Client Details,1,2,7,list,FALSE,FALSE,,FALSE,client detail by app,Client,[client detail by app],[client detail by app],,FALSE,0,1,,client MAC,MAC Address,[client MAC],[client MAC],FALSE,0,FALSE,0,0,,bytes,Application Usage,[Data Usage],[bytes],FALSE,0,FALSE,0,1,,client host name,Host Name,[client host name],[client host name],FALSE,0,FALSE,0,2,,OS/type,Client OS,[OS/type],[OS/type],FALSE,0,FALSE,0,3,,last ap associated,Recent AP,[last ap associated],[last ap associated],FALSE,0,FALSE,0,4,,location,Topology,[location],[location],FALSE,0,FALSE,0,5,,,,,,,,,,,,,,,,,,,,,,,,,,,,,,,,,,,,,,,,,,,,,,,,,,,,,,,,,,,,,,,,,,,,,,,
TRUE,101,SSIDs Accessed by this Client,1,16,7,table,FALSE,FALSE,,FALSE,ssid association list for client by app,SSID,[ssid association list for client by app],[ssid association list for client by app],,FALSE,0,20,,bytes,Application Usage,[bytes],[bytes],FALSE,0,FALSE,0,0,,total distinct client users,# of Users,[total distinct client users],[total distinct client users],FALSE,0,FALSE,0,1,,,,,,,,,,,,,,,,,,,,,,,,,,,,,,,,,,,,,,,,,,,,,,,,,,,,,,,,,,,,,,,,,,,,,,,,,,,,,,,,,,,,,,,,,,,,,,,,,,,,,,,,,,,,,,,
TRUE,102,Aerohive Devices Accessed by this Client,1,16,7,table,FALSE,FALSE,,FALSE,device association list for client by app,Device,[device association list for client by app],[device association list for client by app],,FALSE,0,20,,device mac,MAC Address,[device mac],[device mac],FALSE,0,FALSE,0,0,,device location,Topology,[device location],[device location],FALSE,0,FALSE,0,1,06mapNodes.action?operation=redirect&amp;id={{topo_id}},association time,Association Time,[association time],[association time],FALSE,0,FALSE,0,2,,,,,,,,,,,,,,,,,,,,,,,,,,,,,,,,,,,,,,,,,,,,,,,,,,,,,,,,,,,,,,,,,,,,,,,,,,,,,,,,,,,,,,,,,,,,,,,,,,,,,
